{
  "framework_name": "TOCropViewController.framework",
  "static_framework": true,
  "resources": [
    "${PODS_CONFIGURATION_BUILD_DIR}/TOCropViewController/TOCropViewControllerBundle.bundle"
  ],
  "resource_bundles": [
    "TOCropViewControllerBundle.bundle"
  ],
  "build_settings": {
    "CODE_SIGN_IDENTITY[sdk=appletvos*]": "",
    "CODE_SIGN_IDENTITY[sdk=iphoneos*]": "",
    "CODE_SIGN_IDENTITY[sdk=watchos*]": "",
    "CURRENT_PROJECT_VERSION": "1",
    "DEFINES_MODULE": "YES",
    "DYLIB_COMPATIBILITY_VERSION": "1",
    "DYLIB_CURRENT_VERSION": "1",
    "DYLIB_INSTALL_NAME_BASE": "@rpath",
    "GCC_PREFIX_HEADER": "Target Support Files/TOCropViewController/TOCropViewController-prefix.pch",
    "INFOPLIST_FILE": "Target Support Files/TOCropViewController/TOCropViewController-Info.plist",
    "INSTALL_PATH": "$(LOCAL_LIBRARY_DIR)/Frameworks",
    "IPHONEOS_DEPLOYMENT_TARGET": "8.0",
    "LD_RUNPATH_SEARCH_PATHS": "$(inherited) @executable_path/Frameworks @loader_path/Frameworks",
    "MACH_O_TYPE": "staticlib",
    "MODULEMAP_FILE": "Target Support Files/TOCropViewController/TOCropViewController.modulemap",
    "PRODUCT_MODULE_NAME": "TOCropViewController",
    "PRODUCT_NAME": "TOCropViewController",
    "SDKROOT": "iphoneos",
    "SKIP_INSTALL": "YES",
    "SWIFT_ACTIVE_COMPILATION_CONDITIONS": "$(inherited) ",
    "SWIFT_VERSION": "5.0",
    "TARGETED_DEVICE_FAMILY": "1,2",
    "VERSIONING_SYSTEM": "apple-generic",
    "VERSION_INFO_PREFIX": ""
  },
  "source_hash": null,
  "project_root": "/Users/olexandrpadura/Desktop/new smart/SmartFactory"
}